,state_name,,District_name,,Season,Temperature,,PH,Rainfall,phosphorous,,nitrogen,potash,crop
,AP,,south,,kharif,15.566117,,6.7347877,57.098765,4.8657329,,8.128947,8.213834,wheat
121066,AP,,north,,rabi,25.76843,,7.34567,57.923756,8.93821665,,8.921846,8.87236,cotton
121068,AP,,west,,rabi,3492875.873,,8.234567,56.9384,7.918265,,9.8734,9.983267,urad
121068,AP,,east,,rabi,23.456,,5.34567,98.7654,9.875368,,3.887326,0,mirchi
121069,AP,,north,,karif,644.76,,8.34567,657.9265,8.889365,,8.932865,8.327468,wheat
121070,AP,,south,,rabi,16.98634,,98.8734,6.34567,5.297846,,6.983256,9.823654,gram
121071,AP,,east,,rabi,24.87354,,9.655432,9.34567,9.8763,,3.9283756,4.82735,maize
121072,AP,,west,,rabi,14.8275,,8.5637,7.345678,6.98465,,7.9346612,3.98756,paddy
